ID,Title,Location,Salary,Summary
https://kr.indeed.com/viewjob?jk=44b27e9dde454c6a,[고경력자의 경우 시간단축] 홈페이지 개발 및 관리 웹프로그래머,규 대한민국,"월급 2,000,000원",그래머>웹개발|인터넷·IT·통신·모바일·게임>웹프로그래머>HDML|인터넷·IT·통신·모바일·게임>웹프로그래머> Python|인터넷·IT·통신·모바일·게임>웹프로그래머>JAVA|인터넷·IT·통신·모바일·게임>웹프로그래머>HTML...
https://kr.indeed.com/viewjob?jk=74b3d3c938870be2,Data Scientist,Motion2AI 서울,,"thinking to define unstructured problems - Experience with Python (pandas, numpy), R, SQL... VBA to deal... large..."
https://kr.indeed.com/viewjob?jk=24f7f205ae589c18,"[4년제 대졸자 취업연계과정] 융합 SW 바이오 분야, 전공무관, 취업율...",한국폴리텍대학분당융합기술교육원 성남 분당구,,모바일·게임>빅데이터·AI(인공지능)>데이터분석|인터넷·IT·통신·모바일·게임>빅데이터·AI(인공지능)> Python|인터넷·IT·통신·모바일·게임>빅데이터·AI(인공지능)>머신러닝|인터넷·IT·통신·모바일·게임>ERP·시스템...
https://kr.indeed.com/viewjob?jk=73d2d489b37dcf4a,"링크캠퍼스 웹개발, 웹마스터 외 신입/경력 정규직",링크캠퍼스 광주 동구,"연봉 21,870,000원 - 25,000,000원","직무기술: 웹프로그래밍, 앱, 무선인터넷, 웹서비스, JAVASCRIPT, 웹기획, 스마트폰, IOS, PYTHON 기타: 지원대상 : 웹 또는 앱 개발가능(관심)자 우대사항 : 관련전공(자격증보유)자, AI(인공지능)관심자..."
https://kr.indeed.com/viewjob?jk=cd5ca556791f1f79,[브랜디] 경영본부/사업본부/개발직군 신입 및 경력,브랜디 서울 강남구,,"수 있는 분 - SQL, R, Python 등 데이터 관련 언어 사용이... 형상관리에 대한 이해 - (경력) 웹 서비스 개발 경험 - (경력) Python 유경험자 - (경력) AWS, Azure 등 클라우드 환경 프로젝트..."
https://kr.indeed.com/viewjob?jk=71c47ac87bb4087e,기술 인턴 인공지능 응용 연구/개발 인턴,써로마인드로보틱스 서울 관악구,,"6개월) (협의) *모집 절차: 서류 à인터뷰(오프라인) *지원 자격: 프로그래밍 언어 활용 능력: Python, C, C++ 중 1가지 이상 데이터구조, 알고리즘 과목 이수 머신러닝과 딥러닝의 기본 개념 이해 머신러닝..."
https://kr.indeed.com/viewjob?jk=1d2b22a2bcd3256f,[AI/Lab] AI 백엔드 엔지니어 (마케팅 분야),버즈니 서울,,"으로 마케팅 인사이트 도출 – 보유하고 있는 빅 데이터를 활용하여 마케팅 인사이트 도출 이런 분을 찾습니다 Python 프로그래밍에 능숙하신 분 DB, 통계, 컴퓨터 기반 기술에 대한 이해를 가지신 분 이런 분은 더욱 좋습니..."
https://kr.indeed.com/viewjob?jk=70fccff4d30cb6bf,NAVER IDC 서버 운영/관리(가산),NIT Service 서울 가산동,,"Web, WAS에 대한 지식과 System application 운영 경험 - Shell script, python 활용 가능 - 해외 데이터센터 인프라 구축 또는 운영 경험 - 국가보훈대상자 및 장애인은 법령에 의거 우대..."
https://kr.indeed.com/viewjob?jk=01296857655fc85f,(주)신세계아이앤씨 AI/클라우드 부문 상시,신세계아이앤씨 서울 중구,,"험자 -. Programming : Python, Java, Node.js... 구축 프로젝트 PM or AA 경험자 -. Programming : Python, Java, Node.js, Ruby, .NET, Scala ※ 상기..."
https://kr.indeed.com/viewjob?jk=2695294aea6dc3b6,MongoDB Engineer 모집,카카오 4.0 성남 판교역,,수 있는 분 Linux/Network에 대한 기초 지식이 있는 분 우대 사항 C/C++ 또는 Python 언어를 이용한 프로그램 개발(프로젝트) 경험이 있는 분 MongoDB 트러블 슈팅 경험이 있는 분 MongoDB...
https://kr.indeed.com/viewjob?jk=649ccf047c868778,"금융 데이터 분석 엔진, 로보어드바이저 개발자",에스비씨엔 서울 영등포구,,"시스템, 머신러닝, 자연어처리. 패턴분석 - 다음 언어에서 최소 한 가지 이상 능숙자: Java, C++, Python, JavaScript 우대사항 - 석사이상 컴퓨터공학 (Computer Science) 분야 또는..."
https://kr.indeed.com/viewjob?jk=b1376913a965e740,Machine Learning Software Engineer - Emb...,Qualcomm Korea YH 서울,,related field. - Proficiency in C/C++ programming. - Python programming. - Basic knowledge of machine learning and deep...
https://kr.indeed.com/viewjob?jk=da707a546a13ee22,Data Science 컨설턴트 - 글로벌 컨설팅펌,에스에프인촌 서울 서초구,,"분석 등을 통한 Insight 도출 자격요건 통계학과/산업공학과/컴퓨터공학과 등 유관 학과 졸업/석박사 우대 Python 등 관련 코딩 경력 빅데이터, 통계, Machine Learning, 알고리즘 등 Artificial..."
https://kr.indeed.com/viewjob?jk=8af26b37623864c4,8퍼센트 개발자 (신입/경력),8퍼센트 서울 종로구,,개발 금융 데이터 분석과 분석 플랫폼 운영 자격요건 컴퓨터 전공자 또는 웹 개발 경력 1년 이상 우대사항 Python 코드를 무리 없이 읽으실 수 있는 분 Linux/Mac 사용 가능한 분 새로운 기술에 대한 호기심을 가지신...
https://kr.indeed.com/viewjob?jk=e0e37aaebc73dde3,지표구축,아프리카TV 경기도 성남,,"대시보드 플랫폼의 활용이 가능하신분 - 새로운 서비스 출시후 모니터링이나 트랜드 확인이 가능하도록 설계나 지원이 가능하신분 - SQL,Excel,R, Python 등을 이용하여 데이터 추출 또는 분석이 가능하신 분"
https://kr.indeed.com/viewjob?jk=752a4b5d63eac97c,Back-end Engineer (Python),Soomgo 서울 강남구,,래픽 처리를 위한 AWS 인프라 구축 • 5년 이상의 웹/앱 서비스 백엔드 시스템 개발 경험이 있는 분 • Python 언어를 활용한 개발 경험이 있는 분 • 성능 최적화에 대해 지속적으로 고민하고 노력하시는 분 • AWS...
https://kr.indeed.com/viewjob?jk=5c88acd09f153fc3,[취업연계 무료교육] 차세대 스마트공장 현장 엔지니어 전문가 양성과정 수...,한국산업기술협회 서울 금천구,,통신·모바일·게임>빅데이터·AI(인공지능)>머신러닝|인터넷·IT·통신·모바일·게임>빅데이터·AI(인공지능)> Python|인터넷·IT·통신·모바일·게임>ERP·시스템분석·설계>빅데이터|인터넷·IT·통신·모바일·게임>ERP·시스...
https://kr.indeed.com/viewjob?jk=bc4c4f6e75fc8a77,(주)쓰리에치솔루션 부문별 신입/경력 직원,쓰리에치솔루션 청주 흥덕구,,요건] 인공지능 관련 과목을 이수하여 논문을 이해하고 구현이 가능한자 Python 프로그래밍 가능자 Tensorflow / Pytorch 이용한 프로... hyperledger 경험자 Python이나 Node.js를 이용한 WEB...
https://kr.indeed.com/viewjob?jk=78e99625e5de3c95,전문연구요원 (병역특례) 수시 (AI / HW 분야),딥엑스 성남 분당구,"연봉 40,000,000원 - 100,000,000원","모델의 RTL IP 설계 및 IP 검증 가능자 - Language: Python/Perl, C/C++ [우대 조건] - ARM based SoC 설계... Linux, shell, tcl, python, perl 사용 원활..."
https://kr.indeed.com/viewjob?jk=9040dba1c8db2a5d,퀀트운용팀 (사원-대리급),신한비엔피파리바자산운용 대한민국,,지식 보유자 - 투자자산운용사 자격증 소지자 우대 - CFA/CAIA/CPA 자격증 소지자 우대 - VBA/ Python 활용한 업무 가능자 우대 - 관련 전공 및 석박사 학위/금융 관련 자격증 보유자 우대 3. 전형방법...
https://kr.indeed.com/viewjob?jk=9a818d9d91db847d,Data Analytics SA,Amazon Web Services Korea LLC 서울,,"some relevant languages, tools and frameworks (e.g python, Java, R, scala, spark, Kafka, Hadoop ecosystem, presto, Hive..."
https://kr.indeed.com/viewjob?jk=a4ade495ab488c6f,사물인터넷(IoT) 개발자 (하드웨어 및 소프트웨어),큐빅스 경기도 파주,,통신·모바일·게임>시스템프로그래머>임베디드(Embedded)|인터넷·IT·통신·모바일·게임>응용프로그래머> Python|인터넷·IT·통신·모바일·게임>응용프로그래머>JAVA|인터넷·IT·통신·모바일·게임>응용프로그래머>자바스크...
https://kr.indeed.com/viewjob?jk=e91a6a5eb66c641f,21년 상반기 현대오트론 경력사원 수시,현대오트론 서울,,통신·모바일·게임>응용프로그래머>Linux|인터넷·IT·통신·모바일·게임>응용프로그래머>C·C++|인터넷·IT·통신·모바일·게임>응용프로그래머> Python|인터넷·IT·통신·모바일·게임>빅데이터·AI(인공지능)>자율주행
https://kr.indeed.com/viewjob?jk=241ae1e7499c461c,Security Engineer (모의해킹/취약점 점검),Toss 서울 강남구,,"그바운트 경험이 있는 분 - 해킹대회 우승 경력이 있는 분 - 다양한 플랫폼 보안 진단 경험이 있는 분 - Python, C, C++, C#, JAVA 중 프로그래밍 언어에 능숙 하신 분 # 현업 인터뷰 - 결제 산업의 미래..."
https://kr.indeed.com/viewjob?jk=bfe0f5ac4f32ec89,추천 통계분석/데이터사이언티스트,카카오 4.0 성남 판교역,,기능 기계학습 모델링 지원자격 개발 경력 3년 이상 숙련된 데이터분석 능력 데이터 사이언스를 위한 언어( Python/R) 를 하나 이상 능숙하게 다룰 수 있으신 분 분석 결과를 설득력있게 전달할 수 있는 분 우대사항...
https://kr.indeed.com/viewjob?jk=b2661d357cf26c8f,플랫폼쉴드 시스템 개발,Nexon 성남 분당구,,"IP, 평판 등의 정보) 지원자격 - 전체 개발 경력 3~5년 - Python, Go 개발경력 우대(팀 내부 주 개발 언어가 Go, Python) - 비동기, 병렬처리 프로그래밍 기술 - OS, DB, H/W, 네트워..."
https://kr.indeed.com/viewjob?jk=eaee1538d8cc832f,메시지발송 플랫폼 개발자,Nexon 성남 분당구,,"개발 가능하면서 python 개발 경험 소유자(또는 Python 개발 가능... NET 또는 python 개발 경력 5년이상 - 자동화를 위한 스크립트(powershell, bash, python 등) 경험 - Windows..."
https://kr.indeed.com/viewjob?jk=46975ee759c13b8a,데이터 분석/처리 플랫폼 개발,NHN 4.4 성남 판교역,,"데이터 수집, 처리 및 지표 분석 경험 - 데이터 기반의 문제해결 역량 및 논리적 사고 - Java, Python, Scala 중 최소 1가지 언어를 이용한 데이터 분석 및 소프트웨어 개발 역량 - 통계분석..."
https://kr.indeed.com/viewjob?jk=cae2de07045cfb2b,"Java, Python 영상툴 개발자",에이아이메이커 서울 마곡동,,원하면 가능) 담당업무 - 영상 라벨링 Tool 개발 - Tool 정확성 개선 자격요건 - Java - Python 우대사항 - 관련 개발 경력 - 툴개발 경력 근무조건 - 월~금 AM9:30 ~ PM18:30 복지...
https://kr.indeed.com/viewjob?jk=96688eea9c1a9e28,Security Engineer (취약점 분석),Toss 서울 강남구,,"# 자격 요건 - 모의해킹 및 취약점 점검 경력이 있는 분 - 소스 코드 정적 취약점 점검에 능숙한 분 - Python, C, C++, JAVA 중 프로그래밍 언어에 능숙한 분 # 우대 사항 - 국내 또는 국외 버그 바운티..."
https://kr.indeed.com/viewjob?jk=11fa90db108dc242,[AI R&D] 데이터 엔지니어 모집,엔씨소프트 2.7 성남 판교역,,"지원자격 학력 : 학사 이상 경력기간 : 3년 ~ 필수조건 - 하나 이상의 프로그래밍 언어에 익숙한 분( Python, Java, Scala 등) - RDBMS 또는 NoSQL 개발 경험을 가지고 계신 분 - 성능을 고려한..."
https://kr.indeed.com/viewjob?jk=8a15326f80e07c08,Customer Operations Engineering Manager,Success Korea 대한민국,,experience in C++ or Java and Python - Network monitoring and application... C++ or Java and Python - Network...
https://kr.indeed.com/viewjob?jk=9a4126f3920d2c99,[IT무료취업교육] 온오프 연계 AI 활용 서비스 개발,멀티캠퍼스 서울 서초구,,통신·모바일·게임>빅데이터·AI(인공지능)>머신러닝|인터넷·IT·통신·모바일·게임>빅데이터·AI(인공지능)> Python|인터넷·IT·통신·모바일·게임>빅데이터·AI(인공지능)>딥러닝|인터넷·IT·통신·모바일·게임>빅데이터...
https://kr.indeed.com/viewjob?jk=4e91309fc89e9534,2020년 하반기 영업/기획/마케팅/개발 부문,아우토크립트 서울 영등포구,,통신·모바일·게임>응용프로그래머> Python|인터넷·IT·통신·모바일·게임... 프로그래머> Python|인터넷·IT·통신·모바일·게임>웹프로그래머>JAVA|인터넷·IT·통신·모바일·게임>빅데이터·AI(인공지능)> Python|인터넷...
https://kr.indeed.com/viewjob?jk=34e05b9e4079e7d6,광학솔루션사업부 경력사원 (렌즈개발/Actuator개발/Digital T...,LG이노텍 4.1 경기도 안산,,"공정 데이터 기반 딥러닝/머신러닝 알고리즘 개발 (5년 이상) - 프로그래밍 가능자 (SQL, SAS, Python, R 등) - AWS 프레임워크 사용 유경험자 [학력] - 학사 이상, 컴퓨터공학, 산업공학 등 공학 전공자..."
https://kr.indeed.com/viewjob?jk=6d27fdce96fe586d,"생명정보학자(연구원, 분석가) 신입/경력 계약직",고려대학교산학협력단 서울 성북구,,"경력 1년 이상 성별 : 무관 모집인원 : 1명 전공 : 생명과학, Bioinformatics 우대사항 : Python, R, Linux 서버 경험자, WGS, WES 분석 경력자 1 명 근무조건 고용형태 : 계약직(기간제..."
https://kr.indeed.com/viewjob?jk=2f45b4d9ff507a82,[베스파] 데이터 분석(Data Analyst),베스파 서울 강남구,,분 - 게임을 일로 접근할 수 있는 마음을 가지신 분 ▣우대사항 - 전공 : 통계학/컴퓨터공학/심리학 - Python 또는 R 활용 역량을 보유하신 분 - 게임 회사에서의 데이터 분석 경험이 있으신 분 - BigQuery...
https://kr.indeed.com/viewjob?jk=7d4bc2a107c6669b,Customer Engineer,Microsoft 4.2 서울,,least 5 years welcome experience in model development using python or R. Experience in migrating from one database to another...
https://kr.indeed.com/viewjob?jk=6876f9db4384c69b,자동차업무팀 자동차상품파트(신입) Associate 채용,AXA손해보험 서울 갈월동,,"기술/능력] - 자동차 상품과 요율에 대한 이해 우대 - 통계분석 Tool 활용 능력 우대 (SAS, R, Python 등) [기타 사항] - 긍정적 마음가짐과 도전정신 - 업무와 관련된 원활한 의사소통 능력 필수..."
https://kr.indeed.com/viewjob?jk=d8a8869ab092f731,데이터 엔지니어 및 사이언티스트,카카오 4.0 성남 판교역,,"등 데이터 엔지니어와 사이언티스트의 업무를 경계 없이 수행하게 됩니다. 지원자격 개발 경력 3년 이상 Python, Scala, Java, C++ 중 하나 이상의 언어에 능통 SQL 또는 HiveQL에 능통 대용량 데이..."
https://kr.indeed.com/viewjob?jk=e15972f6e01cb7dc,IT 개발자(백엔드) 경력직,스포츠데이터에볼루션 경기도 파주,"연봉 24,000,000원 - 26,000,000원","경력자 채용 ( 1명 ) 필수 자격요건 ㆍ학력 : 초대졸이상 ㆍ경력 : 해당 직무 경력 1년 이상 - Python, PHP, C#, Node.js, Java 중 1개 이상 능숙자 - MS-SQL, MySQL, MariaDB..."
https://kr.indeed.com/viewjob?jk=e5448ffc7d6ecf02,FPGA 플랫폼 엔지니어 (딥러닝 하드웨어 프로세서 개발),딥엑스 성남 분당구,"연봉 40,000,000원 - 100,000,000원","사용 경험(Chip Scope/SignalTap) - Language: Python/Perl, C/C++ - Vivado 또는 Synplify 또는... SignalTap) - Language: Python/Perl, C/C++..."
https://kr.indeed.com/viewjob?jk=a2b8aae664300392,신한AI 인공지능(AI) 인력,신한에이아이 서울 영등포구,,"련전공 : 인공지능 / 수학 / 산업공학 / 컴퓨터공학 / 통계 관련 [우대사항] - 프로그래밍 숙련자 ( python 外 C++, Java 등) - 금융데이터 또는 시계열 데이터 기반 인공지능 모델 구축 및 운영경험 - 강화..."
https://kr.indeed.com/viewjob?jk=84fd9f9deb6105b0,"웹개발, Python 외 신입/경력 계약직",쿠바로엠앤씨 서울 강서구,,"주식회사 쿠바로엠앤씨 웹개발, Python 외 신입/경력 계약직 채용 모집... 게임>웹프로그래머>웹개발|인터넷·IT·통신·모바일·게임>웹프로그래머> Python|인터넷·IT·통신·모바일·게임>웹프로그래머>백엔드|인터넷·IT·통신..."
https://kr.indeed.com/viewjob?jk=f0df38dd41b4447f,AML 데이터 분석/모델링 전문가 모집,네이버파이낸셜 성남 정자동,,"합니다. 자격요건 - 대용량 데이터 분석 Skill/Tool 사용이 가능하신 분 (SAS, R, Python 등) - Anomaly Detection 관점에서의 예측 모델링 개발을 경험하신 분 [우대사항] - FDS..."
https://kr.indeed.com/viewjob?jk=85e44b7572a7c332,카카오 분산 기술 플랫폼 개발자 모집,카카오 4.0 성남 판교역,,"및 운영 신규 플랫폼 발굴 및 개발 지원자격 개발 경력 2년 이상 Linux환경에서 C/C++, Go, Python 등 언어 중 하나 이상 가능하신 분 협업 및 커뮤니케이션이 원활한 분 시스템 운영에 책임감이 있으신 분..."
https://kr.indeed.com/viewjob?jk=8525eb04feb95444,[KSTEC] 2021년 경력 사원 (SW개발자),지식시스템 성남 분당구,,"개발 (SPSS, SAS, R, Python, Java 기반) 2. 기업용... 경력 3년 ~ 10년 [기술요구사항] 1. SPSS, SAS, R, Python, Java 등 데이터분석/AI개발 도구 사용 가능자 2. Java..."
https://kr.indeed.com/viewjob?jk=aac8e9355cb855ac,[인재풀] 아티스트,Electronic Arts 서울,,Maya or 3D Max등의 아트웍 툴 사용 경험 Max script 또는 Mel Script의 사용 경험 C# 또는 Python 언어에 대한 이해 및 활용 능력 아트웍 관련 툴 제작 또는 플러그인 제작 경험
https://kr.indeed.com/viewjob?jk=29c6b79d1a7d446d,2021년 신입/경력직,다나와 서울 양천구,,"응시자격 지원하기 데브옵스개발 경력 데브옵스(devops) 환경 구축 및 품질향상 경력 1~7년 Java, Python에 대한 이해보유자 Spring Boot 또는 Express.js 프레임워크 이해 보유자 바로가기 데이터베..."
https://kr.indeed.com/viewjob?jk=d4c52ba1a491a8b9,현대무벡스 경력사원 상시,현대무벡스 서울 종로구,,PM>웹기획|인터넷·IT·통신·모바일·게임>웹프로그래머>JAVA|인터넷·IT·통신·모바일·게임>웹프로그래머> Python|인터넷·IT·통신·모바일·게임>네트워크·서버·보안>정보보안|인터넷·IT·통신·모바일·게임>응용프로그래머>클라우드
https://kr.indeed.com/viewjob?jk=f4c784e2cb1ecbbb,Technical Specialist,Microsoft 4.2 서울,,"Developer experience in C#, Java, Node.js/JavaScript and Python. Data and analytics experience – Machine Learning skills..."
https://kr.indeed.com/viewjob?jk=9d9f5827c98272c9,테크빌더팀 웹어플리케이션 개발자 (백앤드/프론트앤드),Nexon 성남 분당구,,"주요업무 - 유저동향분석 시스템, 개발팀 지원 서비스 운영 및 개발 사용언어 및 라이브러리 - Python + Flask - JavaScript, React, Angular, JQuery - Elastic Search..."
https://kr.indeed.com/viewjob?jk=996aed4fb9a166e0,[정규직] 금융 신규사업(AI예측기반 Data사업) 데이터 분석 전문인력,SK 씨앤씨 4.0 서울,,역량/스킬 - 금융 시장지수/가격 등 데이터에 대한 이해 - 금융/시계열 BigData/AI 분석역량(R/ Python/Tensorflow/pyTorch 등) - 개별예측모델 구축 및 앙상블 분석/최적화 역량 - Agile...
https://kr.indeed.com/viewjob?jk=273ef18c985200fe,Cloud Support Engineer - Linux,Amazon Web Services Korea LLC 서울,,"NoSQL(Redis, Memcached). · Programming/scripting in Python/Java/Shell/Perl/Ruby/PHP/etc. · Experience managing full..."
https://kr.indeed.com/viewjob?jk=ceb8243bc8ae3c35,[데이터 플랫폼]데이터 엔지니어 (전문연구요원 가능),버즈니 서울,,및 유지보수 이런 분을 찾습니다 관련 업무 경력 최소 3년 이상 있으신 분 (전문연구요원의 경우 경력 무관) Python 및 기반 데이터 플랫폼 개발 경험이 있으신 분 Docker(Contatiner) 기반 시스템 환경 구축...
https://kr.indeed.com/viewjob?jk=ad07d6a330fb619a,TOAST Cloud 운영 및 기술지원,NHN 4.4 성남 판교역,,"Linux, Microsoft Solutions 등) - 2년 이상의 개발 경험 (Java, Python 등) - 기술 문서 작성 및 가이드 경험이 풍부한 자 - 대외 고객 기술 지원 경험 - Windows..."
https://kr.indeed.com/viewjob?jk=98c2229e57d4ee1f,전기전자컴퓨터공학부(바이오컴퓨팅연구실) 위촉연구원,광주과학기술원 광주 북구,,"국가보훈대상자(취업보호대상자) 및 장애인은 관련 법령에 의거하여 우대 ② 컴퓨터 프로그램밍 (Matlab, Python, C++등) 가능자 ③ 뇌파 측정 및 분석 2년 이상 경력 ➃ 딥러닝 기술 개발 경험 결격사유..."
https://kr.indeed.com/viewjob?jk=8ee4ab813459185c,AI 분석 개발 경력자,토니서치 성남 분당구,,"니어 - 데이터전처리,분석을통한 알고리즘선정및 fine tuning - python 으로 검증된 학습코드를 자체 빅데이터 분석플랫폼에 이식 [근무부서... 등 빅데이터분석환경 경험 - Python 언어로 프로그래밍 가능..."
https://kr.indeed.com/viewjob?jk=dd4d8e59a4a9265d,Data Specialist (Scientist&&Engineer),아우름플래닛 서울 마포구,,"Tensorflow, Keras, Pytorch, Theano 등)를 하나 이상 사용할 수 있는 분 • R, Python, Scala, SQL 등을 이용한 데이터 분석 및 프로그램 개발 능력이 있는 분 • 데이터 분석 기법..."
https://kr.indeed.com/viewjob?jk=dbe3257e487e5814,[AI Lab] AI 백엔드 엔지니어 (전문연구요원 가능),버즈니 서울,,"플랫폼 및 시스템 구축 이런 분을 찾습니다 주도적으로 문제를 찾고, 해결할 수 있는 능력을 보유하신 분 Python 사용 경험이 있으신 분 다음 항목 중 두 가지 이상에 해당되는 분 AWS 혹은 GCP와 같은 클라우드 플랫폼..."
https://kr.indeed.com/viewjob?jk=776ccceeaf6fe02e,DGIST 동반진단의료기술융합연구실 계약직 연구원 공개 채용 공고,대구경북과학기술원 대구 현풍면,,"경험자 Matlab 또는 Python 활용 능력 우수자 C/C++... 분석 수행 Python을 통한 Data 처리 및 DB 구축 윈도우/리눅스 환경 프로그래밍 가능자(C++, Java, Python 등) 자동..."
https://kr.indeed.com/viewjob?jk=7bf179a290a157b2,경험최적화파트 - 머신러닝 엔지니어,Nexon 성남 분당구,,모델 개발 - 머신러닝을 위한 솔루션 프로토타이핑 - 머신러닝 파이프라인 설계 및 구축 지원자격 - Python에 숙련된 프로그래밍 능력과 머신러닝 라이브러리 활용 경험 - 머신러닝과 강화학습에 관련된 지식 습득 혹은...
https://kr.indeed.com/viewjob?jk=481f953ccaa4bc96,AI 연구/개발 직군 모집,넷마블 서울 구로구,,"ML 관련 분야 경력 6년 이상 - Cloud 서비스 활용 경험 - Python, C/C++, SQL 사용 가능 - Tensorflow 또는 상응하는... 웹 서비스 구축 등 자격요건 - Python 에 능숙하고 C/C++ 혹은..."
https://kr.indeed.com/viewjob?jk=78d1ec77f4a5e0dc,기후 분석&모델링연구실 시간제연구원,광주과학기술원 광주 북구,,"수행 ① 국내외 4년제 대학교 환경공학관련분야 학사 이상 학위소지자로서, ② Fortran, GrADS, python 중 1개 이상의 프로그램 언어 사용 가능자 우대사항 ① 국가보훈대상자(취업보호대상자) 및 장애인은..."
https://kr.indeed.com/viewjob?jk=d748c217f78dbd58,DBA 엔지니어,쏘카 대한민국,,"시계열 데이터베이스(InfluxDB) 구축 및 운영 경험이 있으신 분 • 자동화를 위한 스크립트(Shell, Python, Ansible) 지식을 보유하신 분 • 새로운 기술 도입에 대한 오픈 마인드를 갖고 계신 분 전형절차..."
https://kr.indeed.com/viewjob?jk=30352a55b8205ca8,AML 데이터 분석/모델링 전문가,네이버 서울,,"니다. [자격요건] - 대용량 데이터 분석 Skill/Tool 사용이 가능하신 분 (SAS, R, Python 등) - Anomaly Detection 관점에서의 예측 모델링 개발을 경험하신 분 [우대사항] ﻿ - FDS..."
https://kr.indeed.com/viewjob?jk=20d40ee61adffeca,챗봇 플랫폼 개발자 모집,카카오 4.0 성남 판교역,,"서비스에 대한 두려움이 없으신 분 서버 개발 Java, Scala, Kotlin 등의 JVM 기반 언어 및 Python을 이용해서 실서비스 개발 및 운영해보신 분 데이터 엔지니어 Kafka, Elasticsearch..."
https://kr.indeed.com/viewjob?jk=15edcadd124ad99a,매칭 데이터분석,Nexon 성남 분당구,,"최적화 된 모델을 적용하고 평가합니다. 지원자격 [이런 경험을 가진 파티원을 찾습니다.] - SQL, Python 등의 언어를 통해 데이터를 가공한 경험이 있는 분을 찾습니다. - 문제에 적합한 머신러닝 모델을 선택하고..."
https://kr.indeed.com/viewjob?jk=b78a2f2a8bc3776d,2021년 경력사월 수시(1차),케이티디에스 서울 서초구,,"원버튼을 클릭 하시면 기업 홈페이지로 이동 합니다. 직무/산업 직무별(직종) 웹프로그래머JSP, JAVA, Python, ASP.NET 응용프로그래머전산전공, Windows, Unix, Linux 산업별(업종) 솔루션.ASP..."
https://kr.indeed.com/viewjob?jk=2c4c5856662783e7,Data Analyst,IQVIA 서울,,learning / predictive modeling ) • 통계 프로그램 활용 능력 SAS / R / Python 중 최소 1가지 중급 이상의 활용능력 요구 • Communication Basic English...
https://kr.indeed.com/viewjob?jk=69e29038ecc0f40f,SM파견 웹개발자,유저해빗 인천 서구,"연봉 40,000,000원 - 50,000,000원","유지보수 - Python 기반 웹 유지보수 -Spring 기반 프로그램 유지보수 -기타 서비스 운영 관리 [근무부서 및 직급/직책] 근무부서: 개발팀 직급/직책: 사원, 팀원 [자격요건] -Java 혹은 python 웹 경력..."
https://kr.indeed.com/viewjob?jk=afe92c03320fe1b3,카카오 광고 서비스 알고리즘 및 시스템 개발,카카오 4.0 성남 판교역,,"함께 하고 싶습니다. 지원자격(공통) 하나 이상의 프로그래밍 언어에 익숙한 분 (C/C++, Java, Python, Go, Scala 등) [알고리즘 개발 업무 관련 지원 경우] 데이터 마이닝 또는 머신러닝 지식/경험이..."
https://kr.indeed.com/viewjob?jk=1e974ff27c6eb340,Autonomous Driving 분야 엔지니어,포티투닷 서울 강남구,,"프로그래밍 기술 (C/C++, Python 등) - 이동 로봇/드론 관련... platform 개발 경험 - 뛰어난 프로그래밍 기술 (C/C++, Python) - 3D geometry, math, physics 관련 경험 및..."
https://kr.indeed.com/viewjob?jk=b2ef9dc168ce46f0,FDS 데이터 분석 담당자,네이버 서울,,"운영 [자격요건] - FDS 데이터 모델링 관련 업무 2년 이상 - 대용량 데이터 분석 가능자 (SAS, R, Python) - 머신러닝/딥러닝의 주요 방법론을 실제로 수행해 본 적이 있으신 분 - Hadoop (Hive..."
https://kr.indeed.com/viewjob?jk=e646273cb91744c6,"Pre Sales AE, Expert",Keysight Technologies 서울,,"inter-region teams • Instrument programming coding skill (C#, Python) preferred Job Function Support / Service..."
https://kr.indeed.com/viewjob?jk=793d3bdf17f3593f,연구소 개발부문 연구원 직원 (회로설계/하드웨어설계/머신비전/이미지프로세...,모든 경기도 광명,"연봉 42,000,000원 - 46,000,000원","프로그래밍 가능자 우대 S/W 설계 부문 : - OPEN CV, TENSORFLOW, YOLO, CUDA/ Python, C++, C WindowsGUL APL, MFC Lib 활용 가능자. 머신비전/ 영상처리 개발자 * 전기..."
https://kr.indeed.com/viewjob?jk=a0dda478567db352,"(주)트윔 개발자(경력직) 빅데이터,영상처리,머신비전/AI 딥러닝",트윔 경기도 화성,,"자기주도적으로 진행한 경험 - Python/C/C++ 능통자 - 데이터... RNN 등 딥러닝 이론 및 알고리즘 유경험자 - C/C++, Java, Python/TensorFlow/Caffe 사용가능자 - Matlab/R 분석..."
https://kr.indeed.com/viewjob?jk=4bd70fb8a220d90d,[Janssen] Data Scientist,Johnson & Johnson Family of Companies 4.2 서울,,"Expertise in one or more programming languages... R, Python or SAS. 7. Knowledge of relational database architecture..."
https://kr.indeed.com/viewjob?jk=3c2a60ffd9a25a10,[NIT Service] NAVER IDC 서버 운영/관리(가산),엔아이티서비스 서울 금천구,,"application 운영 경험 - Shell script, python 활용 가능 - 해외 데이터센터 인프라 구축 또는 운영 경험 - 국가보훈대상자... 경험 - Shell script, python 활용 가능 - 해외 데이터센..."
https://kr.indeed.com/viewjob?jk=04d685fc70b67d4e,Linux/Python/PHP/MySQL/백엔드 정규직 경력,일루미나리안 용인 보정동,,"보유 - DBMS(MySQL or MariaDB), scripting Language: bash, python, OOP 언어 중 가능자 - Back-End 서버를 개발해 보신 분 [우대사항] - Go(aka GoLang..."
https://kr.indeed.com/viewjob?jk=15138984e56b0b7a,Cloud Infrastructure Developer,SAP 4.3 서울,,Your tasks will include developing a python based scalable job execution platform... development with Python Experience...
https://kr.indeed.com/viewjob?jk=5a299cf580491445,게임 데이터 분석가,쿡앱스 성남 분당구,,"데이터를 기반으로 한 커뮤니케이션 능력을 갖추신 분 수리적 직관 및 통찰력을 가지고 계신 분 우대사항 R, Python,Scala,SQL등의 툴을 이용한 데이터 분석 업무경험이 있으신 분 데이터 마이닝 및 머신러닝 관련 지식을..."
https://kr.indeed.com/viewjob?jk=1e95ae909de993eb,Solution Sales Architect,"FireEye, Inc. 서울",,Reasonable knowledge of key technologies including SIEM/SOAR/EDR/TIP Optional: Desired expertise in scripting (e.g. python)
https://kr.indeed.com/viewjob?jk=19b7736d5aa3f7e5,Machine Learning Research - Speech Recog...,Qualcomm Korea YH 서울,,experience in machine learning Programming skill in Python or C/C++ Experience in PyTorch (preferred) or TensorFlow...
https://kr.indeed.com/viewjob?jk=0019db89120acd75,"서버/클라이언트 Application 개발, java, 웹개발 기술연구소...",굿링크 경상남도 진주,"연봉 25,000,000원 - 30,000,000원","이언트 Java Application 개발 Java, Java script, HTML, DataBase, python framework, 웹개발 [우대사항] ㆍ전기/전자공학, 컴퓨터/시스템공학 ㆍ정보처리기사 우대 ㆍ제품 개발..."
https://kr.indeed.com/viewjob?jk=db55ee61f98e6816,DGIST 동반진단의료기술융합연구실 계약직 연구원 채용 공고,대구경북과학기술원 대구 현풍면,,데이터 통계 분석 AI 기반 데이터 분석을 위한 대용량 고속 데이터 처리 DB 구축 우대 사항 Python/Jave 기반 생체 정보 데이터 분석 경험자 대용량 고속 데이터 처리 DB 구축 경험자 급여수준...
https://kr.indeed.com/viewjob?jk=9ab2041ab3380a21,카카오톡 안티어뷰징을 위한 데이터/백엔드 엔지니어 및 머신러닝 전문가 모...,카카오 4.0 성남 판교역,,"Engineer, Data Scientist 해당 분야에서 활용되는 언어 및 도구를 능숙하게 다룰 수 있는 분( Python, Scala, PyMC, PySpark, Tensorflow 등) 우대 사항 컨테이너 환경에서의..."
https://kr.indeed.com/viewjob?jk=e26f899b8accca1a,Datacenter Engineer (강원도 춘천 근무),Oracle 3.8 서울,,"Base Operating System Install • Some experience with Perl, Python, Bash or Java • Core OS Services: ssh, telnet, ftp, nfs..."
https://kr.indeed.com/viewjob?jk=8d208778abed5b56,화장품 회사 데이터 사이언티스트,에이치앤티어세스 서울 서초구,,"통해 비즈니스와 기술 적용의 기회를 발굴할 수 있는 분 ㄷ. SQL, Python /R , Tableau등으로 데이터 분석 업무를 수행할 수 있는 분... 게임>빅데이터·AI(인공지능)> Python|마케팅·광고·홍보·조사>마케팅>마케팅기획"
https://kr.indeed.com/viewjob?jk=5cb14c0712a6c4c1,시스템 엔지니어링,NHN 4.4 성남 판교역,,"Windows OS 스킬 보유 및 X86 서버 운영 경험 보유 - 기본적인 운영도구 개발 가능자 * Python, Django, JAVA - 웹 서비스 또는 플랫폼 개발 경력 보유자 - OpenStack 기반의..."
https://kr.indeed.com/viewjob?jk=25725b3c0e607311,Junior Quant Trader,Byzantine Partners 서울,,background is a plus Programming capability is mandatory (i.e. Python) Understanding of machine learning algorithm is a plus...
https://kr.indeed.com/viewjob?jk=8bcc7807085700a7,클라우드 오퍼레이션 엔지니어,NHN SOFT 4.4 성남 판교역,,"Linux, Windows Server 트러블 슈팅 숙련자 - 2년 이상의 개발 경험자(PHP, Python 등) - 아래 기술 분야중 1개 이상의 풍부한 지식 및 운영 경험 보유자 (ElasticSearch..."
https://kr.indeed.com/viewjob?jk=fcb8e979d835313e,물류센터 최적화 분석 담당자,이베이 코리아 서울 강남구,,"커뮤니케이션 가능하신 분 - 산업공학 , 전산 , 통계학과 우대 - SQL 중급 이상 가능하신 분 - R, Python 경험자 우대 [공통요건] - 학사(4년제)이상 - G마켓/옥션으로 회원가입이 되어있는 분 - 해외여행..."
https://kr.indeed.com/viewjob?jk=0fb5acdbc8a15af9,Principal Solutions Integration Develope...,Nuance 서울,,Scripting Languages (at least 3... following) Java Python C / C++ Golang Javascript / Node.js React / Vue.js / Angular...
https://kr.indeed.com/viewjob?jk=4ec7c9f47a7bae7f,[웹젠] 게임보안(경력),웹젠 성남 분당구,,PC/AOS/IOS 어플리케이션 리버싱 가능한 분 - C/C++/ Python/Java 등 개발 능력을 보유한 분 - 암호화 / 네트워크 /DB 등... 리버싱 가능한 분 - C/C++/ Python/Java 등 개발 능력을 보유...
https://kr.indeed.com/viewjob?jk=32b86c150b70d92a,엔미디어플랫폼 데이터베이스 관리자 (DBA) 인재 안내,엔미디어플랫폼 성남 분당구,,"운영 가능한 분 - DB관련 자격증 보유한 분 - 운영 자동화 스크립트(PowerShell, Shell, Python) 작성 가능한 분 - MongoDB, Redis에 관심 있으신 분 기타사항 - 서류 접수 이후 4주 이내로..."
https://kr.indeed.com/viewjob?jk=73f619e964a56a10,[전문연구요원] ML/DL 연구원 및 SW 개발자,뷰노코리아 서울 서초구,,"Python, Javascript, Go, Java, C++, C# 중 최소 1개 이상의 언어에 익숙하신 분 - (우대) Python/Flask로... 그래머> Python|인터넷·IT·통신·모바일·게임>웹프로그래머> Python..."
https://kr.indeed.com/viewjob?jk=b602108c31558329,리서치분야 석사이상 경력직,케이지제로인 대한민국,,"티팩터 리서치 2. 펀드, 금융 및 재무데이터 분석 3. 기업재무 관련 리서치 4. 기관 컨설팅 5. R, Python을 활용한 로직 개발 자격 요건 석사이상, 경력 3년이상, 경제학, 재무금융 전공자 우대사항 CFA..."
https://kr.indeed.com/viewjob?jk=85929aac498299cc,데이터 사이언스 전문가 및 머신러닝 전문가 모집,카카오 4.0 성남 판교역,,명시해 주시기 바랍니다. 지원자격 개발 경력 2년 이상 머신 러닝/데이터 사이언스를 위한 언어(R/ Python/Scala) 및 도구(scikit-learn/Spark MLlib/Tensorflow/Pytorch 등)를...
https://kr.indeed.com/viewjob?jk=914578ba5310e818,Software Development Engineer,Mentor Graphics (Korea) LLC 4.0 경기도 성남,,data analysis Developing high performance software in python/programming language; Expertise in various software development...
https://kr.indeed.com/viewjob?jk=e8a4630bec0783e8,2021 Market Data Analyst - Seoul,Bloomberg 서울,,"work experience using one more programming language... Python, SQL and R Fluency in Korean and English (both spoken..."
https://kr.indeed.com/viewjob?jk=1748baa27965fdbf,"MVP 개발 엔지니어(서버, 웹프론트) (정규직, 계약직, 프리랜서)",더테스터 대전 중구,,1년 이상의 서버 개발 경험 · 아래 옵션 중 하나의 기술 스택 사용 - JAVA기반의 Spring - Python 기반의 Django - Ruby 기반의 Rails 우대사항 · 팀단위로 프로젝트를 수주해본 적 있는...
https://kr.indeed.com/viewjob?jk=9acc17c535b42959,2021년 (신입) 전문연구요원 모집,NHN 4.4 성남 판교역,,"연구 및 개발 경험 - Python/C++/Java/C# 개발 경험... 머신러닝/딥러닝/음성인식/ 음성합성 연구 및 개발 경험 - Python/C++/Java/C# 개발 경험 - 전기전자, 정보통신, 컴퓨터 관련..."
https://kr.indeed.com/viewjob?jk=444320d2e49672dc,"Application Engineer South Korea (Physics, EE)",Zurich Instruments 대한민국,,"Experience in programming languages LabVIEW, MATLAB, Python or C is a plus. Availability to travel, around 25%. Moreover, we..."
https://kr.indeed.com/viewjob?jk=3330430ae94277db,[타다]데이터 분석가/사이언티스트,쏘카 대한민국,,"통계에 대한 지식 및 머신러닝에 대한 지식을 보유하고 있으며, 데이터 분석 실무 경험이 풍부하신 분 • R, Python(Pandas, Numpy, Scikit-learn) 등의 데이터 분석을 위한 언어를 1개 이상 능숙하게..."
https://kr.indeed.com/viewjob?jk=74b3d3c938870be2,Data Scientist,Motion2AI 서울,,"thinking to define unstructured problems - Experience with Python (pandas, numpy), R, SQL... VBA to deal... large..."
https://kr.indeed.com/viewjob?jk=9fe4755841bec8ce,"데이터 분석 및 컨설팅 분야 (Python, SAS, 빅데이터) 경력직",한국정보기술단 과천 과천시,,"데이터 분석 및 컨설팅 분야 ( Python, SAS, 빅데이터) 경력직... 대졸 이상 (학사 이상 우대) - 데이터 분석 분야 경력 2년 이상 ( Python, R, SAS 기반의 DATA Preparation, 통계, 머신러..."
https://kr.indeed.com/viewjob?jk=efb69a29d8bd7514,2021년 IITP 주관 글로벌핵심인재양성 지원사업,정보통신기획평가원 대전 유성구,,인공지능)>빅데이터|인터넷·IT·통신·모바일·게임>빅데이터·AI(인공지능)>인공지능(AI)|인터넷·IT·통신·모바일·게임>빅데이터·AI(인공지능)> Python|인터넷·IT·통신·모바일·게임>빅데이터·AI(인공지능)>데이터분석
https://kr.indeed.com/viewjob?jk=5d4ef5faadd96b30,"[대성] 개발자 채용 | 앱개발,Java,Python,objective",대성 관심기업 전주 팔복동,"연봉 25,000,000원 - 30,000,000원","근무조건 정규직 급여 2500~3000만원 주 5일 | 오전 9시~오후 6시 undefined 전주시, undefined 전북전체 지원자격 신입, 경력 무관, 경력무관 학력무관 우대조건 해당업무 인턴경험, 해당업무 근무..."
https://kr.indeed.com/viewjob?jk=3805907e10c94ad1,생산기술연구팀 개발자 연구원,에이스트로닉스 대전 유성구,,"학력사항: 대학(2,3년)졸업 이상 [필수사항] - C / C++ / Python 언어 사용 가능자 - Windows, 임베디드 리눅스 기반 시스템... 통신·모바일·게임>응용프로그래머> Python|인터넷·IT·통신·모바일·게임..."
https://kr.indeed.com/viewjob?jk=df607996134e60ff,스테코 부문별 신입 및 경력사원,스테코 천안 서북구,,"알고리즘 개발 ※ C/C++ , Python , 할콘 library 개발... 데이터 처리 개발 경험 - HTML5기반 Web 시스템 개발 경험 - Python개발 경험 인사팀 인문계열 0명 ㆍ스테코 인사담당 업무 - 인사기획..."
https://kr.indeed.com/viewjob?jk=60495f8f583de7aa,2021년 각 부문별 경력직 공개,SK디앤디㈜ 성남 분당구,,"Collection, Data Pipeline, Data Warehouse 구축 경험 3년 이상 ㆍ우대 사항 - Python / Java(Scala) 등을 이용하여 데이터 처리 개발 가능 - 대용량 데이터 분석 및 빅데이터..."
https://kr.indeed.com/viewjob?jk=0592fae45af22542,2021년 상반기 Python 경력,매크로액트 성남 분당구,,1년이상) 학력 학력무관 성별 무관 기타 담당업무 2021년 상반기 Python 경력 채용 커리어 양식 지원 상세모집요강 접수기간/방법 지원방법... 산업 직무별(직종) 웹프로그래머 Python 응용프로그래머응용프로그래머 산업...
https://kr.indeed.com/viewjob?jk=dfb20fa220f3c478,"빅데이터, 인공지능(AI) 외 신입/경력 인턴",스칼라웍스 대한민국,,인공지능)>인공지능(AI)|인터넷·IT·통신·모바일·게임>빅데이터·AI(인공지능)>데이터분석|인터넷·IT·통신·모바일·게임>빅데이터·AI(인공지능)> Python|인터넷·IT·통신·모바일·게임>빅데이터·AI(인공지능)>딥러닝
https://kr.indeed.com/viewjob?jk=0902a0487b3b69a9,2021년도 한국알프스 수시,한국알프스 광주 광산구,,상검사를 통한 외관검사 *우대사항* □C# 가능자 □.NET 가능자 □Halcon or Cognex 가능자 □ Python 가능자 광주 신입/경력 제조공정관리 초대졸 기계/전기/전자 공학 및 유사 전공 * 공정편성 및 LINE...
https://kr.indeed.com/viewjob?jk=233bbfd9781e846d,"Engr, Tech Supp 3",KLA-Tencor 대한민국,,background Excel macro/code development for log analysis Python Database development for production Open to NCG (New College...
https://kr.indeed.com/viewjob?jk=68486bb7da29a05b,Application Engineer Consultant - HAV,Mentor Graphics (Korea) LLC 4.0 경기도 성남,,"Proficient in scripting languages used today. (e.g., Perl, Python, various shell scripts/Makefiles, XML, JSON, etc.) Good..."
https://kr.indeed.com/viewjob?jk=c3c9f36cd3a8c314,"연구개발, it개발 신입/경력 정규직",포엔 대전 유성구,,"가능)(연구원, 주임연구원급) [우대사항-IT 개발] ㆍ컴퓨터공학 ㆍ Python(numpy, pandas, scikit-learn, sympy) ㆍ... 통신·모바일·게임>웹프로그래머> Python|인터넷·IT·통신·모바일·게임..."
https://kr.indeed.com/viewjob?jk=fd0194167a01fed0,지능형자동차부품진흥원 인력,지능형자동차부품진흥원 대구 달성군,,통신·모바일·게임>빅데이터·AI(인공지능)>딥러닝|인터넷·IT·통신·모바일·게임>빅데이터·AI(인공지능)> Python|인터넷·IT·통신·모바일·게임>빅데이터·AI(인공지능)>무인 자동차 엔지니어|전자·기계·기술·화학·연구개발...
https://kr.indeed.com/viewjob?jk=55584c627df1acaa,데이터 분석가/사이언티스트(신입/인턴 가능),쏘카 대한민국,,"Sheet) 등 데이터 분석 도구를 원활히 다루시거나, 앞으로 원활히 다루고자 하는 의지가 높으신 분 • Python, R 등의 프로그래밍 언어 혹은 데이터 분석 언어를 1개 이상 능숙하게 사용 가능하신 분 전형절차 서류..."
https://kr.indeed.com/viewjob?jk=c8bf4fa58999927f,AI 분야 경력,LG CNS 3.7 서울특별시,,"이상 (AI 관련 논문 발표) ② AI/딥러닝 알고리즘 연구개발 프로젝트 경험 ③ Ubuntu Linux, Python, Tensorflow, PyTorch 사용 중상급 이상 우대사항(해당 내용 중 1개 이상) ① AI/머신..."
https://kr.indeed.com/viewjob?jk=b9b5a48d2121caca,Life Actuarial Analyst - Korea,Willis Towers Watson 서울,,"Familiarity with programming tool... SAS, DB2, R, Python preferred Bachelors Degree required Actuarial exam progress..."
https://kr.indeed.com/viewjob?jk=0feb2770202a5be1,(주)넷타겟 연구원 (웹프론트엔드 개발자),넷타겟 대전 유성구,,"bash, python, 등)으로 기존에 작성된 다양한 과학계산 코드들을 웹서비스의 형태로 구현하기 - 과학계산 Software API( Python... Django framework( Python) 에 대한 이해 - 새로운 기술..."
https://kr.indeed.com/viewjob?jk=0d207415a075d21c,Data Scientist (KOREA),No Deviation Pte Ltd 충청북도 청주,,"data visualization - Experience using tools... SAS JMP, Python, Matlab, KNIME, and SIMCA - Experience with developing..."
https://kr.indeed.com/viewjob?jk=52f8fb3f7e662c5d,[카카오커머스] 기술직군,카카오커머스 성남 분당구,,"Keras, Pytorch 등) - Python을 활용한 머신러닝/딥러닝... 이상 사용 경험이 있으신 분 - 프로그램 개발(Java, Scala, Python 등) 중급 이상 기술 보유하신 분 - 대용량 데이터에 대한 실시간..."
https://kr.indeed.com/viewjob?jk=b6f60e1ac5501c9c,Software Engineer - AI,GE Appliances 경기도 성남,,"lite, TensorRT. 5+ years of programming experience in Python, C/C++ Experiences working on deep learning model optimization..."
https://kr.indeed.com/viewjob?jk=4f61daa017b07bae,[AI R&D] ML 엔지니어 모집,엔씨소프트 2.7 성남 판교역,,개발 지원자격 학력 : 학사 이상 경력기간 : 3년 ~ 필수조건 - ML에 주로 사용되는 언어(R/ Python)에 능숙하신 분 - ML 도구(scikit-learn/Spark MLlib/Tensorflow/Pytorch 등...
https://kr.indeed.com/viewjob?jk=b5b88516a299bbb2,(주)신세계아이앤씨 경력사원 상시,신세계아이앤씨 서울 중구,,"0명 공통사항 -. 자동화 Tool에 대한 이해 보유자 -. JAVA, C, JavaScript, Python, HTML, JSP 등 프로그래밍 언어 개발 경험자... Process 및 Process Mangement에..."
https://kr.indeed.com/viewjob?jk=78f5465432356e17,Sr Systems Administrator I,Raytheon Intelligence & Space 대한민국,,"Experience with Linux/Unix scripting, C++, Java, Perl, Python, Sybase... SQL. - Experience with Linux/Unix tools, YUM..."
https://kr.indeed.com/viewjob?jk=e2af029a81ae7506,2021-2회 인지 및 사회성 연구단 선임연구원,기초과학연구원 대전,,"험자, large scale neural population activity data 분석(MATLAB or Python 등) ㅇ 인원: 1명 [직종/직급 설명] ㅇ (선임연구원) 초임계약 후 1회에 한하여 재계약이 가능하며..."
https://kr.indeed.com/viewjob?jk=f258bcb2c6f24dc9,[빅데이터분석] 데이터 사업 기획 및 운영 담당자,한국카카오은행 성남 분당구,,"또는 머신러닝 관련 내용을 이해할 수 있는 분 · 적극적이고 원만한 커뮤니케이션이 가능한 분 우대사항 · Python, Java, Scala 등 프로그래밍 언어 사용 경험이 있는 분 · 전산/수학/통계 또는 관련 분야 학사..."
https://kr.indeed.com/viewjob?jk=330617e8381fbee6,각 부문별 수시,KIS채권평가 대한민국,,"경제)학, 통계학, 금융공학/수학 전공자 우대 - 관련업무 경력자 우대 - 프로그램밍 가능자(MSOffice/ Python 등) 우대 (2) 모집부서: <대체투자본부> *포지션: 채용연계형 인턴 *담당업무: - 비시장성지분증..."
https://kr.indeed.com/viewjob?jk=089931931a0474d5,소형전지사업부/기술혁신센터,삼성SDI 3.9 충청남도 천안,,"천안 전공분야 - 컴퓨터/시스템 전자/전기 기계/산공 전문지식 - Java, C#, C++, Python - Oracle (PL/SQL) - Automod, VisualComponent - 통신프로그래밍 경험..."
https://kr.indeed.com/viewjob?jk=57dead75c6dee2c1,글로벌 소셜카지노 서비스 해외사업 담당자 (경력),네오위즈 대한민국,,있는 분 우대사항 - 소셜 카지노 장르를 비롯해 카지노 산업 전반 대한 높은 이해도를 갖춘 분 - R과 Python 등을 활용해 통계 분석을 할 수 있는 분 - 우수한 영어 활용 능력과 글로벌 비즈니스 관련 경험이 있는 분...
https://kr.indeed.com/viewjob?jk=14b591547a3b9df5,[전문연구요원] 상시 (전직),네이버랩스 경기도,,"Tool Engineer ㅇ Python/C/C++ 언어 개발 용이 ㅇ... Design, Debugging Skills ㅇ스크립트 언어 개발 경험 ( Python, Bash, etc.) ㅇ Embedded Platform과..."
https://kr.indeed.com/viewjob?jk=58aeb0762366a605,위촉연구원 (에너지통계연구팀),에너지경제연구원 울산,,"우대사항 : SAS, R, Python, STATA, SPSS 등 통계분석... 경력 : 신입/경력(연차무관) 나이 : 무관 우대사항 SAS, R, Python, STATA, SPSS 등 통계분석패키지를 이용하여 데이터 분석을 해..."
https://kr.indeed.com/viewjob?jk=f611a72cc9b1761e,Plat.B 추진단 AID팀 Machine Learning&AI 정규직,이투스교육 서울 강남구,,"구축 지원자격 ﻿일반적인 Back-end 시스템 설계 및 개발 ML/AI 시스템 아키텍쳐 설계 경험 Python, scala, R 등 ML 및 통계 관련 언어 사용 경험 머신러닝 프레임워크 경험자 (TensorFlow..."
https://kr.indeed.com/viewjob?jk=ddd1f037549e47a2,"솔루션 개발자, 품질인력 채용",한화그룹 4.2 서울,,"Python 및 기타 프로그래밍 언어 능숙자(C/C++/C#/Java/PHP) 윈도우 및 리눅스 운영체제 활용 능숙자 IP 네트워크, 운영체제, 데이터베이스 등 CS 기본 지식 서버사이드스크립트( Python/PHP..."
https://kr.indeed.com/viewjob?jk=ce3e13c2bc8da256,[취업연계교육]전액무료 IT교육받고 취업하자,휴먼교육센터 청주 흥덕구,,UI 개발자 데이터베이스 개발자 AI활용 소프트웨어 개발자 JAVA& Python개발자 접수방법 및 접수기간 접수기간 : 2021년 01월 20일까지... 게임>빅데이터·AI(인공지능)> Python|인터넷·IT·통신·모바일·게임...
https://kr.indeed.com/viewjob?jk=ab38178e6071aa0f,"Engr, Apps Dev 2",KLA-Tencor 대한민국,,"working effectively with different cultures. Matlab/ Python experience is a plus. We offer a competitive, family friendly..."
https://kr.indeed.com/viewjob?jk=7453bfdc26273cd9,Quantitative Researcher,자산운용: Quantitative Research 서울,"연봉 110,000,000원 - 140,000,000원","깊은 사고력, 창의력, 직업적 윤리의식, 끈기 있고 명석한 자가주도형 인재 프로그래밍 가능 (C++, Python 선호하나 필수는 아님) 글로벌 금융 시장에 대해 배우려는 강력한 의지 영어로 의사소통이 원활하신 분 (서면 및..."
https://kr.indeed.com/viewjob?jk=5c7ce2a8bacecf7d,(광주취업맛집1위)2021년도 국비 기술교육생,대한상공회의소 광주인력개발원 광주 광산구,,통신·모바일·게임>빅데이터·AI(인공지능)>데이터분석|인터넷·IT·통신·모바일·게임>빅데이터·AI(인공지능)> Python|인터넷·IT·통신·모바일·게임>빅데이터·AI(인공지능)>머신러닝|인터넷·IT·통신·모바일·게임>빅데이터...
https://kr.indeed.com/viewjob?jk=3259e28d21f56288,[전문연구요원] 빅데이터 엔지니어(신입/경력),웹젠 성남 분당구,,통합 과정 수료자 포함)로서 전문연구요원 신규편입/전직 대상인 분 - Python 또는 C# 프로그래밍 능력을 보유한 분 - Linux 환경에서 개발... 요원 신규편입/전직 대상인 분 - Python 또는 C# 프로그래밍 능력을...
https://kr.indeed.com/viewjob?jk=05aa5498d84c58e1,데이터 엔지니어(신입/경력),쏘카 대한민국,,"있는 분 • 데이터 분석팀 및 유관 부서와의 원활한 소통을 위한 기본적인 쿼리 작성 능력을 갖춘 분 • Python 또는 Java, Scala, C++, C# 등의 언어를 최소 1개 이상 능숙하게 사용할 수 있는 분 • 대용..."
https://kr.indeed.com/viewjob?jk=f10a132f53b6307d,Applied Data Scientist,dunnhumby 서울,,"relevant subject Programming skills (Hadoop, Spark, SQL, Python) Prototyping Statistical Modelling Analytical Techniques..."
https://kr.indeed.com/viewjob?jk=dd6837145722038a,2021년 한화시스템 방산부문 경력사원,한화시스템 성남 분당구,,통신·모바일·게임>소프트웨어·하드웨어>소프트웨어|인터넷·IT·통신·모바일·게임>응용프로그래머>C·C++|인터넷·IT·통신·모바일·게임>응용프로그래머> Python|전자·기계·기술·화학·연구개발>기계·금속·재료>기계설계
https://kr.indeed.com/viewjob?jk=010d38b18b07b6bb,데이터 분야 경력,LG CNS 3.7 서울,,"해가 뛰어난 자 - R, Python, SAS, SQL 등 활용 역량 우대사항(해당 내용 중 1개 이상) - ML/DL 경험 인력 우대 - 관련 분야 석사 이상 학위 소지자 우대 - R, Python등 데이터분석 모델링 경험..."
https://kr.indeed.com/viewjob?jk=4cd34228af5013fd,DGIST 2019년 제1차 계약직원 공개채용 공고,대구경북과학기술원 대구 현풍면,,"우수자(SPSS, R 등 통계패키지) 외국어(영어) 구사 능력 우수자 Programming(MATLAB, Python, C/C++ 등) 가능자 · 근무기간 : 2019.3.11.~2020.3.10. ※ 단, 재계약 평가에..."
https://kr.indeed.com/viewjob?jk=927439a84026234e,[빅데이터플랫폼] 데이터 엔지니어,한국카카오은행 성남 분당구,,"Kafka, Flink 등을 사용한 대용량 데이터 처리에 능숙한 분 · Java, Kotlin, Python 중 하나 이상의 언어에 익숙한 분 · 총 경력이 3년 이상인 분 우대사항 · Hadoop EcoSystem 기반의..."
https://kr.indeed.com/viewjob?jk=da5c549bf1a76ded,데이터 사이언스(데이터 모델링 및 추천 모델링),NHN 4.4 성남 판교역,,"AB테스트, 결과 해석 등) - 리눅스 환경에서 머신 러닝 및 데이터 분석 관련 언어, 라이브러리( Python, R, SQL, tensorflow 등) 능숙한 활용 - 머신러닝, 추천 , 딥러닝 관련 논문을..."
https://kr.indeed.com/viewjob?jk=273ef18c985200fe,Cloud Support Engineer - Linux,Amazon Web Services Korea LLC 서울,,"NoSQL(Redis, Memcached). · Programming/scripting in Python/Java/Shell/Perl/Ruby/PHP/etc. · Experience managing full..."
https://kr.indeed.com/viewjob?jk=a1d687cd59776360,머신러닝 개발,Nexon 성남 분당구,,모델 개발 - 머신러닝을 위한 솔루션 프로토타이핑 - 머신러닝 파이프라인 설계 및 구축 지원자격 - Python에 숙련된 프로그래밍 능력과 머신러닝 라이브러리 활용 경험 - 머신러닝과 강화학습에 관련된 지식 습득 혹은...
https://kr.indeed.com/viewjob?jk=b4c6146c52b4dc2b,(주)테라젠바이오 데이터과제팀 계약직,테라젠바이오 수원 영통구,,"등 한 가지 이상의 Back-end Framework 경험 - Git 등의 협업 툴 사용 우대사항: - Python 사용 경험 - Linux 숙련자 - 컨테이너(Docker, k8s), 클라우드 경험 0 명 근무조건 고용형태..."
https://kr.indeed.com/viewjob?jk=4ec305f59ce64060,게임이상탐지 분석/개발,Nexon 성남 분당구,,"기법 적용에 필요한 프로그래밍 능력 ( Python) - SQL 활용 능력... 대시보드 개발 능력 솔루션 개발자 - 한 가지 이상의 개발 언어( Python, Java, Scala)에 숙련된 프로그래밍 능력 - Linux..."
https://kr.indeed.com/viewjob?jk=210243e0776dc26f,Data Engineer(신입),PUBG 서울,,"해외 여행에 결격사유가 없고, 한국어 의사소통이 원활하신 분 - 서초 Office 출근이 가능하신 분 - python으로 프로그래밍이 가능하신 분 [우대 사항] - 퍼블릭 클라우드 서비스에서 개발하고 운영 하는 것에 관심..."
https://kr.indeed.com/viewjob?jk=d13fce11058e6cf1,보안 모니터링 시스템 개발 및 운영 담당자 모집,카카오 4.0 성남 판교역,,"이터 분석을 위한 SIEM/ETL 플랫폼 개발/운영 지원자격 기본사항 경력 5년 이상 Java, Python 등의 언어로 개발 가능자 기본적인 웹 개발 및 Back-End 개발 가능자 DBMS 혹은 빅데이터(NoSQL..."
https://kr.indeed.com/viewjob?jk=e7346aa4ba6c1633,금융 AI 기술 연구 개발자 모집,엔씨소프트 2.7 성남 판교역,,"및 연구/문제 해결 능력 - Python 언어에 능숙하신 분 2. 해당직... Recognition, Data/Text Mining 경험 보유 - Python, SQL 활용 우대사항 - AI 관련 전공자 - 금융 도메인에 대한..."
https://kr.indeed.com/viewjob?jk=9ccd0db79695e27e,[단기계약직] 인공지능 기술 개발을 위한 언어 데이터 구축자 모집,엔씨소프트 2.7 성남 판교역,,언어 데이터를 꼼꼼하게 분석하고 정리할 수 있으신 분 - 언어자원 구축 경험이 있으신 분. - 엑셀 또는 Python 등의 프로그래밍 언어로 데이터 처리가 가능하신 분 (필수사항 아님) 제출서류 필수 제출서류 없음 전형단계...
https://kr.indeed.com/viewjob?jk=cb32ed51c4e0c7ad,DGIST 동반진단의료기술융합연구실 계약직 연구원 공개 초빙 공고,대구경북과학기술원 대구 현풍면,,"경험자 Matlab 또는 Python 활용 능력 우수자 C/C++... Java, Visual Basic, Python 등) 공학용 프로그래밍 활용 가능자(Matlab, Python 등) 자동차 관련 실험 연구..."
https://kr.indeed.com/viewjob?jk=e393fa440b668be7,Data Analyst,Toss 서울 강남구,,"소지하신 분 혹은 경험이 풍부하신 분 - Data Warehouse 구축 지식이나 경험이 있으신 분 - Python, R, Spark 등 언어 및 데이터 프로세싱 프레임워크에 대한 이해도가 높은 분 - 필요한 데이터를 스스로..."
https://kr.indeed.com/viewjob?jk=e36b5d6e4b5e5a88,(전액무료) 청년장애인 IT 인재육성 씨앗(SIAT) 교육 추가 / 교육...,중앙에이치티에이 성남 수정구,,게임>빅데이터·AI(인공지능)> Python|인터넷·IT·통신·모바일·게임... 로그래머>머신러닝(ML)|인터넷·IT·통신·모바일·게임>응용프로그래머> Python|인터넷·IT·통신·모바일·게임>응용프로그래머>증강현실(AR)|인터넷...
https://kr.indeed.com/viewjob?jk=02bcd7b6412d1db9,자율주행연구팀 연구사원 (신입/경력),소네트 대구 달성군,,"필수사항 - C / C++ / Python 언어 사용 가능자 • 우대사항... C++언어 사용 가능자 • 우대사항 - 운전 가능자 - JAVA / python 언어 사용 가능자 - 오픈소스 (OpenCV, ROS 등) 사용 경험..."
https://kr.indeed.com/viewjob?jk=d0ca27a97ddf91f9,엔미디어플랫폼 데이터베이스 관리자 (DBA) 인재 안내,리더스소프트 성남 분당구,,"운영 가능한 분 - DB관련 자격증 보유한 분 - 운영 자동화 스크립트(PowerShell, Shell, Python) 작성 가능한 분 - MongoDB, Redis에 관심 있으신 분 기타사항 - 서류 접수 이후 4주 이내로..."
https://kr.indeed.com/viewjob?jk=54ce47c4db974112,DGIST HumanLAB(인간중심지능형시스템연구실) 연수연구원 채용 공...,대구경북과학기술원 대구 현풍면,,경험자 Matlab 또는 Python 활용 능력 우수자 국가연구... 프트웨어 설계 및 구현 가능자 Matlab/Simulink 또는 Python 활용 능력 우수자 국가연구 개발(R&D)사업 참여 경험자 영어...
https://kr.indeed.com/viewjob?jk=f7aef0724a207b98,"Database Consultant, South Korea",EDB 경기도,,"scripting languages like BASH, KSH, Python, Perl etc.. Working knowledge of MS... like C, C++, PHP, python, Java or Ruby..."
https://kr.indeed.com/viewjob?jk=6bfec9fa5d0c15f5,1분기 개발자 (신입/경력),이스트게임즈 서울 서초구,,"C/C++, C#, Swift, Objective C, Kotlin, Java, JavaScript, Python, Go. - 새로운 프로그래밍 언어를 습득하는데 어려움이 없거나 혹은 흥미를 갖고 있는 분 - Windows..."
https://kr.indeed.com/viewjob?jk=385c58c7ced1d77b,데이터 사이언티스트를 지향하는 데이터 엔지니어 모집,카카오 4.0 성남 판교역,,"Spark 등 빅데이터 분석 플랫폼을 사용하여 대용량 데이터의 수집,가공이 가능한 분 프로그램 개발(Java, python 등) 기술을 보유하신 분 어떤 일이라도 중요하게 여기며 책임감 있게 진행할 수 있으신 분 자신의 생각..."
https://kr.indeed.com/viewjob?jk=b5ec5051cc998949,"[신입,경력] application 개발자",유즈브레인넷 서울 구로구,,"담당업무 자격요건 인원 MFC/Visual C++ [담당업무] - application - C, C++ - Python - 헬스케어 제품 어플 개발 - APP(iOS/Android) - 응용프로그래머 [근무부서 및 직급/직책..."
https://kr.indeed.com/viewjob?jk=af725f1c975c7581,"Technical Operations Manager, Premium Su...",Amazon Web Services Korea LLC 서울,,Programming in one or more... following languages - Java/ Python/ Ruby/ .NET/ Android/ iOS · Must have excellent oral...
https://kr.indeed.com/viewjob?jk=d29856ba80e4bc98,[누구랑 라라랑] (주)라라와 함께할 웹프로그래머,라라 부산,"월급 2,000,000원",mHTML|인터넷·IT·통신·모바일·게임>웹프로그래머>JAVA|인터넷·IT·통신·모바일·게임>웹프로그래머> Python|인터넷·IT·통신·모바일·게임>웹프로그래머>HDML|인터넷·IT·통신·모바일·게임>웹프로그래머>웹개발
https://kr.indeed.com/viewjob?jk=f70127e91faf757c,[조선해양/토목/기계] 엔지니어,포어시스 서울 마포구,"월급 3,000,000원 - 3,200,000원","이미지 프로세싱 전공자 - 해양쓰레기 차단막 운영시스템 개발을 위한 이미지 프로세싱 관련 전공자 우대 - Python, Matlab 등 프로그램 사용자(고급) 우대 ㆍ기계: 세부 전공 무관 - 수치시뮬레이션 가능자 우대 4..."
https://kr.indeed.com/viewjob?jk=be6c1f03fa566f8e,추천 시스템 연구/개발,카카오 4.0 성남 판교역,,"지원자격 개발 경력 3년 이상 적어도 하나 이상의 능숙한 프로그래밍 언어가 있으신 분 우대사항 Python, C++, GPU 프로그래밍 숙련자 TensorFlow, PyTorch, implicit 등 머신러닝/추천..."
https://kr.indeed.com/viewjob?jk=cc655f01166e576d,[연말인기과정] 자바·파이썬 개발자 양성 참여자 / 4차산업유망분야·취업...,한국직업전문학교 서울 구로구,,로젝트 제작 12월 9일 파이썬( Python)활용 디지털컨버전스 SW개발자... 웹프로그래머> Python|인터넷·IT·통신·모바일·게임>웹프로그래머>웹개발|인터넷·IT·통신·모바일·게임>빅데이터·AI(인공지능)> Python|인터넷...
https://kr.indeed.com/viewjob?jk=8291f4cc1fc52912,[라젠][청년디지털일자리지원사업] 빅데이터 수집 및 정보처리,라젠 광주 화정동,,"MTT 2.빅데이터수집 (음성,안면,모션) [업무시간] 오전 09시 ~ 오후 6시 [체크사항] 1.C, Python, Java 등 기본 언어 활용 (C언어 필수) 2.정보처리기사 및 소프트웨어 관련 자격증 우대 접수마감일..."
https://kr.indeed.com/viewjob?jk=3f8d4bf382f3ec64,반도체 디자인 검증 엔지니어,10년 연혁의 팹리스기업 서울 강남구,,"버깅 능력 - 디지털 회로 설계에 대한 지식 - 객체지향 프로그래밍(OOP)에 대한 이해 - C/C++, python, perl, tcl등 프로그래밍 언어에 대한 이해 • 참고사항 - 근무시간 : 주5일, 업무시간 flex..."
https://kr.indeed.com/viewjob?jk=116009dbf59211ed,퍼즐데이터 역량있는 데이터 분석가,주식회사퍼즐데이터 서울 역삼동,,"데이터 마이닝 및 통계분석에 대한 전반적인 이해 3. 관련분야(산업공학, 통계 등) 전공 4. R or Python 사용 능력 * 이런 분은 더욱 좋아요. 1. 프로세스 마이닝 지식 보유자 2. 관련분야 대학원 전공 3..."
https://kr.indeed.com/viewjob?jk=0e675e6e150d8798,[라젠]2021년 지역주도형 일자리사업「4차 산업혁명 IT인력 일자리창출...,라젠 광주 화정동,,"경될수 있습니다. ※ 자세한 사항은 첨부된 파일을 확인하시기 바랍니다. [체크사항] 1.Java, C, Python 등 기본 언어 활용 2.정보처리기사 및 소프트웨어 관련 자격증 우대 접수마감일 채용시까지 고용형태 기간의..."
https://kr.indeed.com/viewjob?jk=96f91c6618c0da6c,사회복지법인 아이들과미래재단 사업본부 직원 (~02.09),아이들과미래재단 서울 동작구,,"교육 및 기획 유경험자 우대 * EPL(Education Programming Language), C, Python 등 컴퓨터 언어 유경험자 * 아두이노, 마이크로비트, 라즈베리파이 등 오픈소스 하드웨어 유경험자 근무조건..."
https://kr.indeed.com/viewjob?jk=ad88a21945aedaf2,Cloud Support Engineer- Bigdata,Amazon Web Services Korea LLC 서울,,Intermediate programming/scripting skills. Ideally in Java or Python... consider experience in other Object Oriented...
https://kr.indeed.com/viewjob?jk=5a349ecd72559c9f,시스템엔지니어 신입/경력 정규직,메에먼트 서울 강남구,"연봉 30,000,000원 - 35,000,000원","Virtual private cloud 를 통한 폐쇄망 구축 경험 *자동화 script ( bash, python, golang등) 개발운영 경험 우대사항 *다양한 트러블 슈팅 경험 (장애 프로파일링) *대용량 트래픽 분산처..."
https://kr.indeed.com/viewjob?jk=3e80435be74cd28f,블록체인인터넷경제연구센터 위촉연구원,광주과학기술원 광주 북구,,업무) 지원자격 연구직 O명 블록체인 연구 및 프로그래밍 제작 1) SW프로그래밍 제작 경험자 2) Python/C/Java/Go 프로그래밍 가능자 3) 블록체인 개발 경험자 우대 4) 컴퓨터공학 및 컴퓨터사이...
https://kr.indeed.com/viewjob?jk=b8c6ad4bd3f32e3d,AI 개발자,넷아이디 서울 강남구,"연봉 35,000,000원 - 40,000,000원",인터넷·IT·통신·모바일·게임>응용프로그래머>머신러닝(ML)|인터넷·IT·통신·모바일·게임>응용프로그래머> Python|인터넷·IT·통신·모바일·게임>ERP·시스템분석·설계>인공지능(AI)서비스기획|인터넷·IT·통신·모바일...
https://kr.indeed.com/viewjob?jk=7609462290636e5d,지스트 블록체인인터넷경제연구센터 계약직(박사급 연구원),광주과학기술원 광주 북구,,기획 블록체인 연구·개발·하드포크 1) 박사 이상 졸업자 2) SW프로그래밍 제작 경험자 3) Python/C/Java/Go 프로그래밍 가능자 우대사항 ① 국가보훈대상자(취업보호대상자) 및 장애인은 관련 법령에...
https://kr.indeed.com/viewjob?jk=7af6301dc691d3ab,Data Scientist,Toss 서울 강남구,,"실무 경험 5년 이상 갖추신 분 - 실제 서비스 데이터를 이용한 분석모델 개발 경험이 있으신 분 - R, Python, Scala, SQL 등 데이터 분석의 업무를 수행할 수 있는 하나 이상의 개발 언어에 능숙하신 분 #..."
https://kr.indeed.com/viewjob?jk=b74cd0ba29a65a46,Web Developer,NeuToy (Subsidiary of the holographic software com... 서울,"연봉 25,000,000원 - 40,000,000원",NodeJS React.js Python Bonus Skills... 필수) EC2: 1년 (필수) * Mysql: 2년 (필수) * Python: 3년 (필수) * React.js: 2년 (필수) 학력: * 대학...
https://kr.indeed.com/viewjob?jk=01b54b2273585e2e,IT직군 채용(직무: 데이터 엔지니어),웅진 서울 종로구,,"이터 수집/처리/적재 개발 및 운영 2) 데이터 처리 개발(JAVA, Python, Scala) 3) 빅데이터 플랫폼 운영(Spark, Kinesis... 언어 활용 가능한분(JAVA, Python, Scala) - 병역필 또는..."
https://kr.indeed.com/viewjob?jk=23dfc13905f7fcc0,[Search] Knowledge Base Applications (신입...,네이버 서울,,"이터 수집 및 취합 - 빅데이터 기술을 이용한 데이터 분석 - 데이터 시각화 [필요기술] - Java/ Python/Scala 중 최소 1 가지이상 숙련자 - Web(HTML, JS, D3 ) [우대사항] - 대용량 데이..."
https://kr.indeed.com/viewjob?jk=7fdcd7a7457b1e93,데이터 분석,아프리카TV 경기도 성남,,"의 서비스 이용/소비형태/이상현상과 트렌드 변화가 궁금하신 분 - B2C서비스 데이터 분석 직군에서 데이터 핸들링 경험이 있으신 분 - SQL,Excel,R, Python 등을 이용하여 데이터 추출 또는 분석이 가능하신 분"
https://kr.indeed.com/viewjob?jk=85687b250386c4be,qe 소프트웨어 엔지니어,에이치알 코리아 대한민국,,"process improvements • Strong scripting experience with Python, Shell Scripts, Ruby, etc. • Ability to code competently..."
https://kr.indeed.com/viewjob?jk=504b2c9de66ef96d,"기술연구소 정규직 연력(Java, Python, 기타)및 개발자 (신입,...",파인씨앤아이 서울 송파구,"연봉 30,000,000원 - 60,000,000원","웨어 개발 및 AI, 통계분석I) - 경력 : Java 개발경험 2년이상 -개발언어 : Java, C++, Python, Node 등 [근무시간 및 형태] 주 5일 근무 (오전) 9시 00분~(오후) 6시 00분 주소정근로시..."
https://kr.indeed.com/viewjob?jk=d5a4422a80e4a409,(주)엘솔루 웹 개발자,㈜엘솔루 서울,,Javascript / React / Python / NodeJS 개발... Stack 개발 유경험자 ㆍJavascript / React / Python / NodeJS 개발 유경험자 ㆍHTML 5 개발 가능자(필수) 1명...
https://kr.indeed.com/viewjob?jk=8dfcac57b93113ea,[TmaxBI/기술] 빅데이터 플랫폼 QA,티맥스소프트 성남 분당구,,"갖춘자 - ERP/CRM 역량 보유자 - 데이터분석/모델링 역량 보유자 우대사항 - 보유기술: Java, python, RDB, NoSQL, OS(linux), Selenium, docker, Kubernetis - 자격사항..."
https://kr.indeed.com/viewjob?jk=a746de9c7a6168ef,Healthcare Real World Data Analyst 담당자,IQVIA 서울,,"HEOR 전반적인 업무 수행 Qualifications Claims Data 관련 분석 경력자 SAS / Python / R 등 통계 프로그래밍 언어 사용 가능자 통계학 전공자, 통계 및 Epidemiology 관련 석사..."
https://kr.indeed.com/viewjob?jk=94f4ff49978459bc,Associate Solutions Architect,Amazon Web Services Korea LLC 서울,,"languages... Ruby, Python and Node... 현대 개발 언어에 대한 실무적 지식: 루비 (Ruby), 파이썬 ( Python), Node.js 등 · 개발자 및 IT 운영자 대상의 신기술 전파에..."
https://kr.indeed.com/viewjob?jk=74cf47be676133ff,DGIST 미래자동차융합연구센터 계약직 연구원 및 연수연구원 공개 초빙...,대구경북과학기술원 대구 현풍면,,"기술개발 우대 사항 우대사항 - S/W개발능력, C,C++, Python,Matlab 등 능숙자 - 자율주행 및 ADAS관련 프로젝트 참여경... W개발능력, C,C++, Python,Matlab 등 능숙자 - 자율주행..."
https://kr.indeed.com/viewjob?jk=beaf31828719882c,[공통기술부문] AI / ML 엔지니어 (3년 이상),우아한 형제들 서울 송파구,,"수정할 수 있는 분 - 3년 이상의 실무 경험, 1개 이상의 ""숙련된"" 프로그래밍 언어 활용 능력(ex. Python, C++ 등)을 가진 분 - 원천 데이터를 탐색, 검증, 취합하는 단계부터 모델의 구현, 학습, 배포까지..."
https://kr.indeed.com/viewjob?jk=2892c67308e87f01,Field Data Scientist,Success Korea 경기도,,"Scripting experience required (e.g. Matlab, R, Python). Familiarity with analytics... e.g. Matlab, R, Python). Familiarity..."
https://kr.indeed.com/viewjob?jk=741cc6ac364ea9be,Internal Infra Engineer,Toss 서울 강남구,,분 # 우대 사항 - Nutanix/VMWare 구축 운영 경험이 있으신 분 - Powershell 또는 Python 등을 사용한 시스템 관리 자동화 경험이 있으신 분 - 100명 이상 규모의 L3/L4 네트워크 관리 또는...
https://kr.indeed.com/viewjob?jk=bd5ce1a809ec610a,Modem QA Contractor,聯發科技 경기도 성남,,4. Good verbal and written communication skills in English 5. Prefer programing experience(C/JAVA/ Python #LI-NOPOST
https://kr.indeed.com/viewjob?jk=082bf625e94f1da2,[유망 벤처기업] 데이터사이언티스트,인코리아 프로페셔널 서울 강남구,,교육 이수자 통계적 데이터 분석 및 머신러닝 관련 분야 경력 3년 이상 Python을 통한 데이터 분석 능력을 갖추신 분 데이터팀 셋팅 및 리딩 경험... 게임>빅데이터·AI(인공지능)> Python|인터넷·IT·통신·모바일·게임...
https://kr.indeed.com/viewjob?jk=df21e3bb5d773616,Python Programmer,Mofac 서울 서초구,,개발 – JAVA 프로그래밍(라이브러리 활용) – Spring 프레임 워크 개발 – Python API 프로그래밍 우대사항 – Python 개발 경험 – Open Source 라이브러리 개발경험 – Web 표준에 대한 경험...
https://kr.indeed.com/viewjob?jk=9edef5cb1029c4c1,데이터 마케팅(분석/모델링) 전문가,LG전자 3.8 서울 영등포구,,"머신러닝/딥러닝을 이용한 분석 역량 및 경험 . 모델링을 위한 데이터 전처리 및 가공 실무 경험 . R, Python을 활용한 모델링 설계 및 구현 (지도 학습 및 비지도 학습 주요 모델 활용 능력 및 시계열 분석 모델 활용..."
https://kr.indeed.com/viewjob?jk=3c516818303c4d51,Application Engineer ( Silicondash),Synopsys 서울,,"disk access Programming skill of TCL, Perl, JavaScript or Python Good documentation and reporting skills are required..."
https://kr.indeed.com/viewjob?jk=ddd1f037549e47a2,"솔루션 개발자, 품질인력 채용",한화그룹 4.2 서울,,"Python 및 기타 프로그래밍 언어 능숙자(C/C++/C#/Java/PHP) 윈도우 및 리눅스 운영체제 활용 능숙자 IP 네트워크, 운영체제, 데이터베이스 등 CS 기본 지식 서버사이드스크립트( Python/PHP..."
https://kr.indeed.com/viewjob?jk=092d062a6faa7139,데이터 분석가 모집,카카오 4.0 성남 판교역,,"이터 분석 지원자격 데이터 분석 업무를 수행할 수 있는 하나 이상의 언어 스킬 필수 (예. SQL, Python, R 등) 데이터 기반 프로젝트 경험이 있으신 분 (예: 통계 분석 프로젝트) 어떤 일이라도 중요하게 여기..."
https://kr.indeed.com/viewjob?jk=2cfd15907402c5cc,DGIST 제2차 계약직 연구원 채용공고,대구경북과학기술원 대구 현풍면,,천원 이내 수행 내용 Machine learning (Deep learning) 알고리즘 개발 Python/Tensorflow 프로그래밍 Matlab/simulink 모의실험 자율주행 자동차 혹은 전문 서비...
https://kr.indeed.com/viewjob?jk=94e6b51a16f4a0f6,Perception Software Engineer - Autonomou...,NVIDIA 대한민국,,work experience. Strong programming skills in C++ and python. Hands-on experience in developing algorithms for state...
https://kr.indeed.com/viewjob?jk=cd40cf786e32f325,사내 및 서비스 보안 담당자 (경력),네오위즈 대한민국,,"GuardDuty, WAF, VPC Flow Logs 분석 등)이 있으신 분 - 각종 스크립트 언어(Perl, Python, shell script 등)의 활용 능력을 가진 분 - 모바일 게임 앱에 대한 보안 검수 경험이..."
https://kr.indeed.com/viewjob?jk=f0ebe714bb940da2,엔지니어,키사이트테크놀로지스 서울,,"region teams • Instrument programming coding skill (C#, Python) preferred 제출서류 - 제출서류는 일체 반환하지 않음 마감일 채용시 전형방법 서류-1차면접-2차면접..."
https://kr.indeed.com/viewjob?jk=69ab0f58743cb713,21년 전문연구요원 (AI엔지니어),Nexon 성남 분당구,,"대상자 - 병역의무가 없거나 면제된 분, 병역의 의무를 마치신 분은 본 공고의 대상에서 제외됨 - Python에 숙련된 프로그래밍 능력과 머신러닝 라이브러리 활용 경험 - 머신러닝과 강화학습에 관련된 지식 습득 혹은..."
https://kr.indeed.com/viewjob?jk=927439a84026234e,[빅데이터플랫폼] 데이터 엔지니어,한국카카오은행 성남 분당구,,"Kafka, Flink 등을 사용한 대용량 데이터 처리에 능숙한 분 · Java, Kotlin, Python 중 하나 이상의 언어에 익숙한 분 · 총 경력이 3년 이상인 분 우대사항 · Hadoop EcoSystem 기반의..."
https://kr.indeed.com/viewjob?jk=4f61daa017b07bae,[AI R&D] ML 엔지니어 모집,엔씨소프트 2.7 성남 판교역,,개발 지원자격 학력 : 학사 이상 경력기간 : 3년 ~ 필수조건 - ML에 주로 사용되는 언어(R/ Python)에 능숙하신 분 - ML 도구(scikit-learn/Spark MLlib/Tensorflow/Pytorch 등...
https://kr.indeed.com/viewjob?jk=da5c549bf1a76ded,데이터 사이언스(데이터 모델링 및 추천 모델링),NHN 4.4 성남 판교역,,"AB테스트, 결과 해석 등) - 리눅스 환경에서 머신 러닝 및 데이터 분석 관련 언어, 라이브러리( Python, R, SQL, tensorflow 등) 능숙한 활용 - 머신러닝, 추천 , 딥러닝 관련 논문을..."
https://kr.indeed.com/viewjob?jk=2b2dcd3ffe3d53df,카카오 데이터의 가치를 발굴할 데이터 분석가 모집,카카오 4.0 성남 판교역,,"기술 통계량 이해 및 해석) 데이터 분석 업무를 수행할 수 있는 언어 스킬 필수 SQL 필수 R 또는 Python을 다룰 수 있는 분 (SAS, SPSS, GA, tableau 등 통계 툴만 사용 가능한 경우 제외) 하둡..."
https://kr.indeed.com/viewjob?jk=010d38b18b07b6bb,데이터 분야 경력,LG CNS 3.7 서울,,"해가 뛰어난 자 - R, Python, SAS, SQL 등 활용 역량 우대사항(해당 내용 중 1개 이상) - ML/DL 경험 인력 우대 - 관련 분야 석사 이상 학위 소지자 우대 - R, Python등 데이터분석 모델링 경험..."
https://kr.indeed.com/viewjob?jk=54e0d08c99dcf507,MI(Market Intelligence)담당 마케팅 전략 경력사원,LG전자 3.8 서울 영등포구,,"마케팅 전략/방향성 도출 경험 보유 4) 우대 사항 - 통계 분석 및 프로그래밍 언어 역량 보유: R, python, Java, SPSS, Tableau, etc. - 영어 능통 역량: 해외법인과 영어 화상 회의 및 현지..."
https://kr.indeed.com/viewjob?jk=cd2ef993ee5c8d3f,지스트 블록체인인터넷경제연구센터 계약직(연구원),광주과학기술원 광주 북구,,록체인 개발 블록체인 하드포크 1) 4년제 대학 이상 졸업자 2) SW프로그래밍 제작 경험자 3) Python/C/Java/Go 프로그래밍 가능자 4) 팀장급은 개발 경험 10년 이상인 자 연구직 1명 우대사...
https://kr.indeed.com/viewjob?jk=e934bb33ef71dacb,[EY한영] 금융감사본부 Data Analytics 전문 경력직 모집,Ernst & Young 4.0 대한민국,,총계정원장조정 경험자 - Python/R 등 프로그램 언어 활용 능력... PowerBI... Tableau Experience with Python/ R or other programming languages...
https://kr.indeed.com/viewjob?jk=810816c790317a08,보안,NHN 4.4 성남 판교역,,"등 개발 경력 3년 이상 - frida, ida, gdb 활용 가능 - Objective-C / Python Script 언어 개발 경험자 - 모바일 보안 솔루션 개발 경력 - Binary 난독화 / 암호화..."
https://kr.indeed.com/viewjob?jk=4f319862856fe9c1,"Software Engineer, Machine Learning",Google 4.3 서울,,Machine Learning or AI. Programming experience in C++ and Python. Preferred qualifications: PhD or equivalent experience...
https://kr.indeed.com/viewjob?jk=4ac4e8a20b8c6dec,"데이터 분석 솔루션 기반 웹프로그래머(Java, JSP, Python,...",비즈플러그 서울 송파구,,"하여, Java, JSP, R, Python, 각종 DB 가능자를 우대합니... 합니다. - DW등의 설계 경력자 우대합니다. - AI(ML, DL, Python, R 등)에 유능한 분을 우대합니다. 인터넷·IT·통신·모바일·게임..."
https://kr.indeed.com/viewjob?jk=ffac42e32db26233,Lead Product Engineer - Liberate,Cadence Design Systems 경기도,,"problems and propose solution Automation skills using Tcl, Python, Perl and shell scripting Bachelor/Master in EE with 5+..."
https://kr.indeed.com/viewjob?jk=7c19ff88836f8869,고등광기술연구소 전문연구요원,광주과학기술원 광주 북구,,"고출력 펄스형/극초단 광섬유 레이저, 레이저/고암섬유 레이저, 레이저 인공지능 융합연구, matlab/ python/ FPGA / Raspberry Pi 등 (경험자 우대) 우대사항 ① 국가보훈대상자(취업보호대상자) 및..."
https://kr.indeed.com/viewjob?jk=01f6d88dd2b7b32d,Life Actuarial Analyst - Korea,Gras Savoye 서울,,"Familiarity with programming tool... SAS, DB2, R, Python preferred Bachelors Degree required Actuarial exam progress..."
https://kr.indeed.com/viewjob?jk=0cfd614dbcdb6e6c,[진행중]우리은행 빅데이터사업부 전문직(데이터 분석가(ML/DL)) 채용...,우리은행 4.5 서울 회현동,,ML/DL 기술을 활용한 분석모델 개발 및 서비스를 적용해 본 경험이 있는자 - 데이터 분석을 위한 언어( Python/R)를 하나 이상 능숙하게 다룰 수 있는자 우대사항 - 금융분야 ML/DL 관련 업무 경력 2년...
https://kr.indeed.com/viewjob?jk=7e9a745cd8bdcbe3,"Design Consultant, Staff",Synopsys 대한민국,,"industry DFT, MBIST, and ATPG tools •Experience scripting... Python and Tcl. Experience with Verilog or SystemVerilog RTL..."
https://kr.indeed.com/viewjob?jk=7e4a30dc8d2bc1cf,2020 Customs & Foreign Trade Specialist,비테스코테크놀로지스코리아 경기도 이천,,"analytics skills are preferred (KNIME, Power BI, R or Python 능력 우대) - Good command in English (영어 커뮤니케이션 가능자... limitation..."
https://kr.indeed.com/viewjob?jk=d1e75364ef505c68,"데이터 가치를 함께 발굴하실 머신러닝, 통계 모델링 전문가 모집",카카오 4.0 성남 판교역,,해당 기술에 자신감이 있으신 분도 환영합니다. 지원자격 머신 러닝/통계 등 모델링에 활용하는 언어( Python/Scala/R 등) 및 도구(Tensor flow/Pytorch 등)를 하나 이상 능숙하게 다룰 수 있으신...
https://kr.indeed.com/viewjob?jk=f611a72cc9b1761e,Plat.B 추진단 AID팀 Machine Learning&AI 정규직,이투스교육 서울 강남구,,"구축 지원자격 ﻿일반적인 Back-end 시스템 설계 및 개발 ML/AI 시스템 아키텍쳐 설계 경험 Python, scala, R 등 ML 및 통계 관련 언어 사용 경험 머신러닝 프레임워크 경험자 (TensorFlow..."
https://kr.indeed.com/viewjob?jk=7e94b666d8fbe2d0,[개발자] 꿈 찾아드립니다. 저희와 함께하세요.,ICON 서울,,C++ / Python 개발자 (우대)(1명) 이미지 프로세싱 관련 개발 경험이 있으신 분 - OpenCV 를 이용한 C++ 혹은 Python 개발에... 통신·모바일·게임>웹프로그래머> Python|인터넷·IT·통신·모바일·게임...
https://kr.indeed.com/viewjob?jk=52d863eb7e90b1af,[AI R&D] 플랫폼 개발 엔지니어 모집,엔씨소프트 2.7 성남 판교역,,"학사 이상 경력기간 : 3년 ~ 필수조건 # 필요 역량 (AI 관련 지식 역량은 필수는 아닙니다.) - Python, Java 등 하나 이상의 프로그래밍 언어에 대한 이해 및 개발 경력을 가지신 분 - RDBMS 또는..."
https://kr.indeed.com/viewjob?jk=eeb9fe1c361f0758,정보보안 담당자,Nexon 성남 분당구,,보안 이벤트 분석 또는 상관관계 이벤트 분석 능력 보유 - OS 및 네트워크 관련 기초 지식 보유 - python 등의 간단한 스크립트 작성 능력보유 - 타인과의 원활한 커뮤니케이션 자세 - 새로운 기술에 대한 적극적...
https://kr.indeed.com/viewjob?jk=06995d4800ce38f3,Field Application Engineer (FAE) – Korea...,LUCID Vision Labs 대한민국,,debugging technique (OpenCL... Python experience is a plus). In-depth knowledge... OpenCL... Python experience is a plus...
https://kr.indeed.com/viewjob?jk=e9d6c53d8915adf6,"[Search] 파파고 머신러닝(자연어처리, 컴퓨터비전) 엔지니어 신입/...",네이버 서울,,"TensorFlow, PyTorch) · Python, C++ 등의 프로그... 자격요건] · 주도적으로 문제를 찾고, 해결할 수 있는 분 · Python 등의 프로그래밍 언어를 다룰 수 있는 분 · Tensorflow..."
https://kr.indeed.com/viewjob?jk=7cb5c3076d1701db,"Field Applications Engineer, Audio",Dolby 서울,,"High level or detailed knowledge of SOC design. C/C++, python coding skills. Knowledge of music, audio/video production..."
https://kr.indeed.com/viewjob?jk=05aa5498d84c58e1,데이터 엔지니어(신입/경력),쏘카 대한민국,,"있는 분 • 데이터 분석팀 및 유관 부서와의 원활한 소통을 위한 기본적인 쿼리 작성 능력을 갖춘 분 • Python 또는 Java, Scala, C++, C# 등의 언어를 최소 1개 이상 능숙하게 사용할 수 있는 분 • 대용..."
https://kr.indeed.com/viewjob?jk=0064deb5fa9cbce0,데이터 사이언티스트 모집,카카오 4.0 성남 판교역,,"양한 실험을 통해 알고리즘을 개선합니다. 지원자격 지원자격 하나 이상의 프로그래밍 언어에 익숙한 분( Python, Java, C/C++, Scala 등) 머신러닝/딥러닝 오픈소스를 이용하여 1년 이상 특정 서비스에 모델..."
https://kr.indeed.com/viewjob?jk=f71d35f5dff01c45,Consultant - Identity & Security,Microsoft 4.2 대한민국,,"more... following: Azure PowerShell, CLI, Visual Studio, Python, Ruby or Terraform Identity: Designing and implementing..."
https://kr.indeed.com/viewjob?jk=f258bcb2c6f24dc9,[빅데이터분석] 데이터 사업 기획 및 운영 담당자,한국카카오은행 성남 분당구,,"또는 머신러닝 관련 내용을 이해할 수 있는 분 · 적극적이고 원만한 커뮤니케이션이 가능한 분 우대사항 · Python, Java, Scala 등 프로그래밍 언어 사용 경험이 있는 분 · 전산/수학/통계 또는 관련 분야 학사..."
https://kr.indeed.com/viewjob?jk=c74b8591c7e59774,[웹젠] 보안솔루션 운영(경력),웹젠 성남 분당구,,추진 경험 보유한 분 - 침해사고 및 악성코드 분석 능력을 보유한 분 - Python/Java 등 개발 능력 보유자 - 보안 유관 자격증 보유한 분... 코드 분석 능력을 보유한 분 - Python/Java 등 개발 능력 보유자...
https://kr.indeed.com/viewjob?jk=8df5412c2beb197f,소프트웨어 부문,맥시멈코퍼레이션 경상남도 진주,,"인원 [담당업무] ㆍ업무:위그선 관제프로그램 개발 [C/C++ 개발필수, QT framework 개발우대, Python 개발우대] [자격요건] 경력사항: 신입, 경력(연차무관) 학력사항: 학력무관 직무기술: C/C++ 0 명..."
https://kr.indeed.com/viewjob?jk=18b288e9021d899f,NAVER IDC 서버 운영/관리(평촌/부산),NIT Service 안양 동안구,,"Web, WAS에 대한 지식과 System application 운영 경험 - Shell script, python 활용 가능 - 해외 데이터센터 인프라 구축 또는 운영 경험 - 국가보훈대상자 및 장애인은 법령에 의거 우대..."
https://kr.indeed.com/viewjob?jk=9a0695002b7ffb96,[청년디지털일자리] 파이썬(Excel 활용) 업무 전자 부품 등록/관리,성호전자 서울 금천구,,대학 마지막 학기 졸업예정자이면서(고교생은 교육과정 종료시) 바로 근무 가능한 경우는 가능) 인터넷·IT·통신·모바일·게임>빅데이터·AI(인공지능)> Python|인터넷·IT·통신·모바일·게임>전산·IT기술지원>IT기술지원
https://kr.indeed.com/viewjob?jk=de567c4b6b588c4c,NAVER IDC 서버 운영/관리(춘천),NIT Service 춘천 동면,,"Web, WAS에 대한 지식과 System application 운영 경험 - Shell script, python 활용 가능 - 해외 데이터센터 인프라 구축 또는 운영 경험 - 국가보훈대상자 및 장애인은 법령에 의거 우대..."
https://kr.indeed.com/viewjob?jk=27ea6faf6a8516fd,퀀트 개발자 (Quant Developer),ATZ Inc. 서울,"연봉 30,000,000원 - 40,000,000원",any... following languages. (C/C++/C#/ Python/Java/Node.js)* Experience with R... languages) C/C++/C#/ Python/Java R/Excel...
https://kr.indeed.com/viewjob?jk=e631d46f39019d13,각 분야별 인재 Pool 등록,지투알 서울,,"자 - 데이터 분석 툴(Adobe Analytics 또는 Google Analytics) 유경험자 우대 - Python, R, SQL 역량 보유자 우대 - 데이터에 기반한 문제해결 능력 및 통계학적 지식 보유자 우대 업무내용..."
https://kr.indeed.com/viewjob?jk=e9ac1a8708b8e784,[상시 ] Data Scientist (대리급/과-차장급/정규직),라이나생명보험 서울 종로구,,"데이터 분석 프로젝트 수행 경험 3년 이상 3년 이상의 R, SQL, Python 등 프로그래밍 언어 활용 경험 최신 AI 관련 기술을 포함한 다양한... 수행 경험 7년 이상의 R, SQL, Python 등 프로그래밍 언어 활용..."
https://kr.indeed.com/viewjob?jk=07375dc4e800dfa9,추천 시스템 소프트웨어 엔지니어,카카오 4.0 성남 판교역,,"관련 업무 경험자 우대사항 운영체제, 네트워크, 컴파일러, 데이터베이스에 대한 이해가 깊으신 분 Python, C++, GPU 프로그래밍 숙련자 대용량/실시간 서비스 개발/운영 경험이 많으신 분 ICPC/TopCoder..."
https://kr.indeed.com/viewjob?jk=4623c0f018a828e3,Content Producer,Codeit 서울 • 원격 근무,,Programming in Python * Algorithms in Python * Object-Oriented Programming in Python * Data Structures in Python * UNIX...
https://kr.indeed.com/viewjob?jk=c4df94a9f15d671b,Internship Opportunity with Green Growth...,Global Green Growth Institute 서울,,models. Experience in applying programming software... R and Python is preferred. Excellent English communication skills...
